{
  "minecraft:recipes/transportation/acacia_boat": {
    "criteria": {
      "in_water": "2020-11-03 10:20:49 -0800"
    },
    "done": true
  },
  "minecraft:recipes/transportation/oak_boat": {
    "criteria": {
      "in_water": "2020-11-03 10:20:49 -0800"
    },
    "done": true
  },
  "minecraft:recipes/transportation/dark_oak_boat": {
    "criteria": {
      "in_water": "2020-11-03 10:20:49 -0800"
    },
    "done": true
  },
  "minecraft:recipes/transportation/birch_boat": {
    "criteria": {
      "in_water": "2020-11-03 10:20:49 -0800"
    },
    "done": true
  },
  "minecraft:end/elytra": {
    "criteria": {
      "elytra": "2020-11-03 10:16:07 -0800"
    },
    "done": true
  },
  "minecraft:recipes/transportation/jungle_boat": {
    "criteria": {
      "in_water": "2020-11-03 10:20:49 -0800"
    },
    "done": true
  },
  "minecraft:recipes/transportation/spruce_boat": {
    "criteria": {
      "in_water": "2020-11-03 10:20:49 -0800"
    },
    "done": true
  },
  "minecraft:adventure/adventuring_time": {
    "criteria": {
      "minecraft:forest": "2020-11-03 10:13:34 -0800",
      "minecraft:mountains": "2020-11-03 10:18:31 -0800",
      "minecraft:taiga": "2020-11-03 10:13:42 -0800",
      "minecraft:birch_forest": "2020-11-03 10:17:28 -0800",
      "minecraft:dark_forest": "2020-11-03 10:15:28 -0800",
      "minecraft:river": "2020-11-03 10:13:47 -0800",
      "minecraft:birch_forest_hills": "2020-11-03 10:17:26 -0800",
      "minecraft:wooded_mountains": "2020-11-03 10:18:51 -0800",
      "minecraft:wooded_hills": "2020-11-03 10:13:46 -0800",
      "minecraft:swamp": "2020-11-03 10:14:08 -0800",
      "minecraft:plains": "2020-11-03 10:13:18 -0800"
    },
    "done": false
  },
  "DataVersion": 2230
}